{"params": [0.8585960749801493, 0.07309229960751668, -0.9338741605765758, 0.0013677418839937272], "order": [2, 0, 0, 0, 1, 1]}